mean_fit_time,std_fit_time,mean_score_time,std_score_time,param_C,param_degree,param_gamma,param_kernel,params,split0_test_score,split1_test_score,split2_test_score,split3_test_score,split4_test_score,mean_test_score,std_test_score,accuracy,recall,precision,f1
0.08405685424804688,0.009351164074468583,0.01644473075866699,0.0004106640371066091,0.5,2,scale,poly,"{'C': 0.5, 'degree': 2, 'gamma': 'scale', 'kernel': 'poly'}",,,,,,,,0.632,0.5812876575367696,0.632,0.5912183348477843
0.03685073852539063,0.005842782347208309,0.005409622192382812,0.006573634307303902,10,3,0.01,rbf,"{'C': 10, 'degree': 3, 'gamma': 0.01, 'kernel': 'rbf'}",,,,,,,,0.44,0.3777462046465125,0.44,0.31058135324325337
0.02452507019042969,0.005675308790909233,0.007336044311523437,0.007320476729661891,10,3,0.01,linear,"{'C': 10, 'degree': 3, 'gamma': 0.01, 'kernel': 'linear'}",,,,,,,,1.0,1.0,1.0,1.0
0.03127665519714355,0.0018311204401767144,0.008550548553466797,0.007337730379998654,10,3,0.001,poly,"{'C': 10, 'degree': 3, 'gamma': 0.001, 'kernel': 'poly'}",,,,,,,,0.3973333333333333,0.3333333333333333,0.3973333333333333,0.22596437659033078
0.03539066314697266,0.006572199214279652,0.007859182357788087,0.007413370114392009,10,3,0.001,rbf,"{'C': 10, 'degree': 3, 'gamma': 0.001, 'kernel': 'rbf'}",,,,,,,,0.3973333333333333,0.3333333333333333,0.3973333333333333,0.22596437659033078
0.025244998931884765,0.0056079374984355996,0.006453275680541992,0.007903766825399436,10,3,0.001,linear,"{'C': 10, 'degree': 3, 'gamma': 0.001, 'kernel': 'linear'}",,,,,,,,1.0,1.0,1.0,1.0
0.03441109657287598,0.003969942122472157,0.0,0.0,10,4,scale,poly,"{'C': 10, 'degree': 4, 'gamma': 'scale', 'kernel': 'poly'}",,,,,,,,0.9973333333333333,0.997289972899729,0.9973333333333333,0.9973323504652696
0.029913711547851562,0.005445882685924746,0.003177309036254883,0.006354618072509766,10,4,scale,rbf,"{'C': 10, 'degree': 4, 'gamma': 'scale', 'kernel': 'rbf'}",,,,,,,,1.0,1.0,1.0,1.0
0.029737186431884766,0.007389734882937656,0.0,0.0,10,4,scale,linear,"{'C': 10, 'degree': 4, 'gamma': 'scale', 'kernel': 'linear'}",,,,,,,,1.0,1.0,1.0,1.0
0.021820831298828124,0.005570528403148158,0.013615655899047851,0.006918219653450363,10,3,0.01,poly,"{'C': 10, 'degree': 3, 'gamma': 0.01, 'kernel': 'poly'}",,,,,,,,0.3973333333333333,0.3333333333333333,0.3973333333333333,0.22596437659033078
0.030266475677490235,0.004164548835386591,0.002100563049316406,0.0025726586340250068,10,4,1,poly,"{'C': 10, 'degree': 4, 'gamma': 1, 'kernel': 'poly'}",,,,,,,,0.9973333333333333,0.997289972899729,0.9973333333333333,0.9973323504652696
0.0275970458984375,0.006513159624551361,0.003215503692626953,0.006431007385253905,10,4,1,linear,"{'C': 10, 'degree': 4, 'gamma': 1, 'kernel': 'linear'}",,,,,,,,1.0,1.0,1.0,1.0
0.03300862312316895,0.0008911501889268987,0.006690502166748047,0.008210087025509936,10,4,0.1,poly,"{'C': 10, 'degree': 4, 'gamma': 0.1, 'kernel': 'poly'}",,,,,,,,0.3973333333333333,0.3333333333333333,0.3973333333333333,0.22596437659033078
0.03424482345581055,0.006075920147484787,0.0017947673797607422,0.003111292682610731,10,4,0.1,rbf,"{'C': 10, 'degree': 4, 'gamma': 0.1, 'kernel': 'rbf'}",,,,,,,,0.9946666666666667,0.9935275080906149,0.9946666666666667,0.9946583006535947
0.03130664825439453,0.003972895633162948,0.0032128334045410157,0.006425666809082032,10,4,0.1,linear,"{'C': 10, 'degree': 4, 'gamma': 0.1, 'kernel': 'linear'}",,,,,,,,1.0,1.0,1.0,1.0
0.03252677917480469,0.003987601472050008,0.006410741806030273,0.007851589149703912,10,4,0.01,poly,"{'C': 10, 'degree': 4, 'gamma': 0.01, 'kernel': 'poly'}",,,,,,,,0.3973333333333333,0.3333333333333333,0.3973333333333333,0.22596437659033078
0.03764443397521973,0.004890556437788277,0.0009174823760986328,0.0018349647521972655,10,4,0.01,rbf,"{'C': 10, 'degree': 4, 'gamma': 0.01, 'kernel': 'rbf'}",,,,,,,,0.44,0.3777462046465125,0.44,0.31058135324325337
0.03161730766296387,0.005739919155626086,0.0008412837982177734,0.0016825675964355468,10,4,0.01,linear,"{'C': 10, 'degree': 4, 'gamma': 0.01, 'kernel': 'linear'}",,,,,,,,1.0,1.0,1.0,1.0
0.03427047729492187,0.009011767637551583,0.0033807754516601562,0.0067615509033203125,10,4,0.001,poly,"{'C': 10, 'degree': 4, 'gamma': 0.001, 'kernel': 'poly'}",,,,,,,,0.3973333333333333,0.3333333333333333,0.3973333333333333,0.22596437659033078
0.023993587493896483,0.005833214397962976,0.007034492492675781,0.008658780847490558,10,4,1,rbf,"{'C': 10, 'degree': 4, 'gamma': 1, 'kernel': 'rbf'}",,,,,,,,1.0,1.0,1.0,1.0
0.027010726928710937,0.006000657453620481,0.006644725799560547,0.008229754193341123,10,3,0.1,linear,"{'C': 10, 'degree': 3, 'gamma': 0.1, 'kernel': 'linear'}",,,,,,,,1.0,1.0,1.0,1.0
0.03379969596862793,0.0036179106130496065,0.0,0.0,10,3,0.1,rbf,"{'C': 10, 'degree': 3, 'gamma': 0.1, 'kernel': 'rbf'}",,,,,,,,0.9946666666666667,0.9935275080906149,0.9946666666666667,0.9946583006535947
0.04006185531616211,0.006280104948303199,0.0034336090087890626,0.006149301542234459,10,3,0.1,poly,"{'C': 10, 'degree': 3, 'gamma': 0.1, 'kernel': 'poly'}",,,,,,,,0.3973333333333333,0.3333333333333333,0.3973333333333333,0.22596437659033078
0.027888774871826172,0.004581726772762711,0.004391717910766602,0.003615307229866891,10,2,scale,linear,"{'C': 10, 'degree': 2, 'gamma': 'scale', 'kernel': 'linear'}",,,,,,,,1.0,1.0,1.0,1.0
0.02156801223754883,0.004062599372627179,0.007688474655151367,0.006002568788563959,10,2,1,poly,"{'C': 10, 'degree': 2, 'gamma': 1, 'kernel': 'poly'}",,,,,,,,0.9973333333333333,0.997289972899729,0.9973333333333333,0.9973323504652696
0.027993059158325194,0.007684976817321485,0.006465816497802734,0.007919655110633916,10,2,1,rbf,"{'C': 10, 'degree': 2, 'gamma': 1, 'kernel': 'rbf'}",,,,,,,,1.0,1.0,1.0,1.0
0.021250009536743164,0.005426847045321501,0.00897045135498047,0.007026617504466436,10,2,1,linear,"{'C': 10, 'degree': 2, 'gamma': 1, 'kernel': 'linear'}",,,,,,,,1.0,1.0,1.0,1.0
0.03967351913452148,0.007945983256159023,0.0067252635955810545,0.008240373751457244,10,2,0.1,poly,"{'C': 10, 'degree': 2, 'gamma': 0.1, 'kernel': 'poly'}",,,,,,,,0.3973333333333333,0.3333333333333333,0.3973333333333333,0.22596437659033078
0.029224491119384764,0.007773589975280023,0.006726312637329102,0.005264771882725594,10,2,0.1,rbf,"{'C': 10, 'degree': 2, 'gamma': 0.1, 'kernel': 'rbf'}",,,,,,,,0.9946666666666667,0.9935275080906149,0.9946666666666667,0.9946583006535947
0.02249007225036621,0.00372243949727721,0.007633352279663086,0.007358775445661234,10,2,0.1,linear,"{'C': 10, 'degree': 2, 'gamma': 0.1, 'kernel': 'linear'}",,,,,,,,1.0,1.0,1.0,1.0
0.03824715614318848,0.007572301170822262,0.004313373565673828,0.006135541928069183,10,2,0.01,poly,"{'C': 10, 'degree': 2, 'gamma': 0.01, 'kernel': 'poly'}",,,,,,,,0.3973333333333333,0.3333333333333333,0.3973333333333333,0.22596437659033078
0.03610692024230957,0.002440867982140925,0.009208297729492188,0.006850156554823725,10,2,0.01,rbf,"{'C': 10, 'degree': 2, 'gamma': 0.01, 'kernel': 'rbf'}",,,,,,,,0.44,0.3777462046465125,0.44,0.31058135324325337
0.026407957077026367,0.006310733796127575,0.0,0.0,10,2,0.01,linear,"{'C': 10, 'degree': 2, 'gamma': 0.01, 'kernel': 'linear'}",,,,,,,,1.0,1.0,1.0,1.0
0.03238568305969238,0.0009349579104624133,0.009775638580322266,0.00798425460086416,10,2,0.001,poly,"{'C': 10, 'degree': 2, 'gamma': 0.001, 'kernel': 'poly'}",,,,,,,,0.3973333333333333,0.3333333333333333,0.3973333333333333,0.22596437659033078
0.03981094360351563,0.005326575059676092,0.0031437397003173826,0.006287479400634765,10,2,0.001,rbf,"{'C': 10, 'degree': 2, 'gamma': 0.001, 'kernel': 'rbf'}",,,,,,,,0.3973333333333333,0.3333333333333333,0.3973333333333333,0.22596437659033078
0.033250284194946286,0.0035158718079877174,0.0010487556457519532,0.0020975112915039063,10,2,0.001,linear,"{'C': 10, 'degree': 2, 'gamma': 0.001, 'kernel': 'linear'}",,,,,,,,1.0,1.0,1.0,1.0
0.027662897109985353,0.008109256818879097,0.0031772136688232424,0.006354427337646485,10,3,scale,poly,"{'C': 10, 'degree': 3, 'gamma': 'scale', 'kernel': 'poly'}",,,,,,,,0.9973333333333333,0.997289972899729,0.9973333333333333,0.9973323504652696
0.030991601943969726,0.0039109915541962175,0.003330421447753906,0.006660842895507812,10,3,scale,rbf,"{'C': 10, 'degree': 3, 'gamma': 'scale', 'kernel': 'rbf'}",,,,,,,,1.0,1.0,1.0,1.0
0.028290557861328124,0.003925454285354393,0.0030322551727294924,0.006064510345458985,10,3,scale,linear,"{'C': 10, 'degree': 3, 'gamma': 'scale', 'kernel': 'linear'}",,,,,,,,1.0,1.0,1.0,1.0
0.023671531677246095,0.009082868820870733,0.00583648681640625,0.007234453613402483,10,3,1,poly,"{'C': 10, 'degree': 3, 'gamma': 1, 'kernel': 'poly'}",,,,,,,,0.9973333333333333,0.997289972899729,0.9973333333333333,0.9973323504652696
0.031178760528564452,0.0031457913396774253,0.0,0.0,10,3,1,rbf,"{'C': 10, 'degree': 3, 'gamma': 1, 'kernel': 'rbf'}",,,,,,,,1.0,1.0,1.0,1.0
0.03205242156982422,0.005937434255124619,0.0011568546295166015,0.0020738925333128057,10,3,1,linear,"{'C': 10, 'degree': 3, 'gamma': 1, 'kernel': 'linear'}",,,,,,,,1.0,1.0,1.0,1.0
0.03426094055175781,0.0022553294398807372,0.012682676315307617,0.0063434118542829866,10,4,0.001,rbf,"{'C': 10, 'degree': 4, 'gamma': 0.001, 'kernel': 'rbf'}",,,,,,,,0.3973333333333333,0.3333333333333333,0.3973333333333333,0.22596437659033078
0.03508467674255371,0.0021825841712191287,0.0,0.0,10,2,scale,rbf,"{'C': 10, 'degree': 2, 'gamma': 'scale', 'kernel': 'rbf'}",,,,,,,,1.0,1.0,1.0,1.0
0.023986101150512695,0.007006153722509033,0.008159494400024414,0.007097265026738262,10,4,0.001,linear,"{'C': 10, 'degree': 4, 'gamma': 0.001, 'kernel': 'linear'}",,,,,,,,1.0,1.0,1.0,1.0
0.03161377906799316,0.0034917242727684344,0.004561424255371094,0.004752428120209592,100,2,scale,rbf,"{'C': 100, 'degree': 2, 'gamma': 'scale', 'kernel': 'rbf'}",,,,,,,,1.0,1.0,1.0,1.0
0.03370361328125,0.00298925912348669,0.003242015838623047,0.006484031677246094,100,3,0.01,rbf,"{'C': 100, 'degree': 3, 'gamma': 0.01, 'kernel': 'rbf'}",,,,,,,,0.9893333333333333,0.9881074538900729,0.9893333333333333,0.9893559717955868
0.021187829971313476,0.005015366124566821,0.008496952056884766,0.006607402262519409,100,3,0.01,linear,"{'C': 100, 'degree': 3, 'gamma': 0.01, 'kernel': 'linear'}",,,,,,,,1.0,1.0,1.0,1.0
0.03277182579040527,0.0008637565089647362,0.006502962112426758,0.007964517560518723,100,3,0.001,poly,"{'C': 100, 'degree': 3, 'gamma': 0.001, 'kernel': 'poly'}",,,,,,,,0.3973333333333333,0.3333333333333333,0.3973333333333333,0.22596437659033078
0.03208203315734863,0.0010205793429639452,0.013444280624389649,0.006875747179303491,100,3,0.001,rbf,"{'C': 100, 'degree': 3, 'gamma': 0.001, 'kernel': 'rbf'}",,,,,,,,0.44,0.3777462046465125,0.44,0.31058135324325337
0.020310497283935545,0.005834714315342617,0.011291837692260743,0.0057666146220250155,100,3,0.001,linear,"{'C': 100, 'degree': 3, 'gamma': 0.001, 'kernel': 'linear'}",,,,,,,,1.0,1.0,1.0,1.0
0.02407660484313965,0.008335904896472675,0.0033718109130859374,0.006743621826171876,100,4,scale,poly,"{'C': 100, 'degree': 4, 'gamma': 'scale', 'kernel': 'poly'}",,,,,,,,1.0,1.0,1.0,1.0
0.032302474975585936,0.0002636986484748505,0.0009851932525634765,0.001970386505126953,100,4,scale,rbf,"{'C': 100, 'degree': 4, 'gamma': 'scale', 'kernel': 'rbf'}",,,,,,,,1.0,1.0,1.0,1.0
0.031973838806152344,8.709140580089226e-05,3.0660629272460936e-05,6.132125854492189e-05,100,4,scale,linear,"{'C': 100, 'degree': 4, 'gamma': 'scale', 'kernel': 'linear'}",,,,,,,,1.0,1.0,1.0,1.0
0.03646540641784668,0.006618259060369138,0.000846099853515625,0.00169219970703125,100,3,0.01,poly,"{'C': 100, 'degree': 3, 'gamma': 0.01, 'kernel': 'poly'}",,,,,,,,0.3973333333333333,0.3333333333333333,0.3973333333333333,0.22596437659033078
0.030637788772583007,0.0028450460588988736,0.003200387954711914,0.006400775909423828,100,4,1,poly,"{'C': 100, 'degree': 4, 'gamma': 1, 'kernel': 'poly'}",,,,,,,,1.0,1.0,1.0,1.0
0.032469320297241214,0.0005433051778991607,0.0,0.0,100,4,1,linear,"{'C': 100, 'degree': 4, 'gamma': 1, 'kernel': 'linear'}",,,,,,,,1.0,1.0,1.0,1.0
0.04199070930480957,0.0066804796749085505,0.010886573791503906,0.006556407793447696,100,4,0.1,poly,"{'C': 100, 'degree': 4, 'gamma': 0.1, 'kernel': 'poly'}",,,,,,,,0.3973333333333333,0.3333333333333333,0.3973333333333333,0.22596437659033078
0.02772669792175293,0.006864314175011428,0.009670639038085937,0.007898922638726477,100,4,0.1,rbf,"{'C': 100, 'degree': 4, 'gamma': 0.1, 'kernel': 'rbf'}",,,,,,,,1.0,1.0,1.0,1.0
0.02883591651916504,0.0063826067851475475,0.0008942127227783203,0.0017884254455566408,100,4,0.1,linear,"{'C': 100, 'degree': 4, 'gamma': 0.1, 'kernel': 'linear'}",,,,,,,,1.0,1.0,1.0,1.0
0.029451274871826173,0.006685252226366662,0.00719747543334961,0.0073298674981043055,100,4,0.01,poly,"{'C': 100, 'degree': 4, 'gamma': 0.01, 'kernel': 'poly'}",,,,,,,,0.3973333333333333,0.3333333333333333,0.3973333333333333,0.22596437659033078
0.03322257995605469,0.0018738249523603159,0.006477737426757812,0.00793394548450179,100,4,0.01,rbf,"{'C': 100, 'degree': 4, 'gamma': 0.01, 'kernel': 'rbf'}",,,,,,,,0.9893333333333333,0.9881074538900729,0.9893333333333333,0.9893559717955868
0.02562398910522461,0.007209258766323136,0.0051100730895996095,0.006237866533322352,100,4,0.01,linear,"{'C': 100, 'degree': 4, 'gamma': 0.01, 'kernel': 'linear'}",,,,,,,,1.0,1.0,1.0,1.0
0.03449654579162598,0.005152846338235593,0.006976032257080078,0.006356296368419469,100,4,0.001,poly,"{'C': 100, 'degree': 4, 'gamma': 0.001, 'kernel': 'poly'}",,,,,,,,0.3973333333333333,0.3333333333333333,0.3973333333333333,0.22596437659033078
0.027092552185058592,0.006935892126011014,0.003211832046508789,0.006423664093017578,100,4,1,rbf,"{'C': 100, 'degree': 4, 'gamma': 1, 'kernel': 'rbf'}",,,,,,,,1.0,1.0,1.0,1.0
0.023886346817016603,0.006880529794715086,0.006685924530029297,0.008191229938938303,100,3,0.1,linear,"{'C': 100, 'degree': 3, 'gamma': 0.1, 'kernel': 'linear'}",,,,,,,,1.0,1.0,1.0,1.0
0.03337206840515137,0.001561112842846855,0.0017465591430664063,0.0034931182861328127,100,3,0.1,rbf,"{'C': 100, 'degree': 3, 'gamma': 0.1, 'kernel': 'rbf'}",,,,,,,,1.0,1.0,1.0,1.0
0.03751659393310547,0.004166922362771347,0.004427623748779297,0.0063276136781897216,100,3,0.1,poly,"{'C': 100, 'degree': 3, 'gamma': 0.1, 'kernel': 'poly'}",,,,,,,,0.3973333333333333,0.3333333333333333,0.3973333333333333,0.22596437659033078
0.030849266052246093,0.004727209709426593,0.007128095626831055,0.008219855168042686,100,2,scale,linear,"{'C': 100, 'degree': 2, 'gamma': 'scale', 'kernel': 'linear'}",,,,,,,,1.0,1.0,1.0,1.0
0.0315892219543457,0.001813252074883308,0.0,0.0,100,2,1,poly,"{'C': 100, 'degree': 2, 'gamma': 1, 'kernel': 'poly'}",,,,,,,,1.0,1.0,1.0,1.0
0.017507076263427734,0.0024599108343241975,0.01719050407409668,0.0014449950649326538,100,2,1,rbf,"{'C': 100, 'degree': 2, 'gamma': 1, 'kernel': 'rbf'}",,,,,,,,1.0,1.0,1.0,1.0
0.029009342193603516,0.0045607855424605465,0.0,0.0,100,2,1,linear,"{'C': 100, 'degree': 2, 'gamma': 1, 'kernel': 'linear'}",,,,,,,,1.0,1.0,1.0,1.0
0.033046293258666995,0.0024235563604518558,0.00615396499633789,0.0075748479623839295,100,2,0.1,poly,"{'C': 100, 'degree': 2, 'gamma': 0.1, 'kernel': 'poly'}",,,,,,,,0.9973333333333333,0.997289972899729,0.9973333333333333,0.9973323504652696
0.030033159255981445,0.00717867242321257,0.003352832794189453,0.006357647019132718,100,2,0.1,rbf,"{'C': 100, 'degree': 2, 'gamma': 0.1, 'kernel': 'rbf'}",,,,,,,,1.0,1.0,1.0,1.0
0.029171276092529296,0.0038664427328051532,0.002282524108886719,0.004565048217773438,100,2,0.1,linear,"{'C': 100, 'degree': 2, 'gamma': 0.1, 'kernel': 'linear'}",,,,,,,,1.0,1.0,1.0,1.0
0.03575253486633301,0.0026891401847390006,0.01075139045715332,0.005104463752620624,100,2,0.01,poly,"{'C': 100, 'degree': 2, 'gamma': 0.01, 'kernel': 'poly'}",,,,,,,,0.3973333333333333,0.3333333333333333,0.3973333333333333,0.22596437659033078
0.024646806716918945,0.007117758251805966,0.013174295425415039,0.0066020861678654195,100,2,0.01,rbf,"{'C': 100, 'degree': 2, 'gamma': 0.01, 'kernel': 'rbf'}",,,,,,,,0.9893333333333333,0.9881074538900729,0.9893333333333333,0.9893559717955868
0.03275666236877441,0.0017691672339786373,0.0,0.0,100,2,0.01,linear,"{'C': 100, 'degree': 2, 'gamma': 0.01, 'kernel': 'linear'}",,,,,,,,1.0,1.0,1.0,1.0
0.028032827377319335,0.006649226031431382,0.006682300567626953,0.007469617256660646,100,2,0.001,poly,"{'C': 100, 'degree': 2, 'gamma': 0.001, 'kernel': 'poly'}",,,,,,,,0.3973333333333333,0.3333333333333333,0.3973333333333333,0.22596437659033078
0.0381436824798584,0.009986666684398465,0.0032103538513183595,0.006420707702636719,100,2,0.001,rbf,"{'C': 100, 'degree': 2, 'gamma': 0.001, 'kernel': 'rbf'}",,,,,,,,0.44,0.3777462046465125,0.44,0.31058135324325337
0.027843189239501954,0.00559305466604714,0.0031781673431396486,0.006356334686279297,100,2,0.001,linear,"{'C': 100, 'degree': 2, 'gamma': 0.001, 'kernel': 'linear'}",,,,,,,,1.0,1.0,1.0,1.0
0.02654895782470703,0.007579740600584411,0.005997562408447265,0.005987553928466762,100,3,scale,poly,"{'C': 100, 'degree': 3, 'gamma': 'scale', 'kernel': 'poly'}",,,,,,,,1.0,1.0,1.0,1.0
0.025670242309570313,0.007877558356462923,0.008320951461791992,0.0073123953125272135,100,3,scale,rbf,"{'C': 100, 'degree': 3, 'gamma': 'scale', 'kernel': 'rbf'}",,,,,,,,1.0,1.0,1.0,1.0
0.03343744277954101,0.00271386889842918,0.0,0.0,100,3,scale,linear,"{'C': 100, 'degree': 3, 'gamma': 'scale', 'kernel': 'linear'}",,,,,,,,1.0,1.0,1.0,1.0
0.028554916381835938,0.0077038647318815965,0.004013633728027344,0.006262889918880931,100,3,1,poly,"{'C': 100, 'degree': 3, 'gamma': 1, 'kernel': 'poly'}",,,,,,,,1.0,1.0,1.0,1.0
0.03150520324707031,0.0058950173741284815,0.0010519027709960938,0.0021038055419921875,100,3,1,rbf,"{'C': 100, 'degree': 3, 'gamma': 1, 'kernel': 'rbf'}",,,,,,,,1.0,1.0,1.0,1.0
0.027756214141845703,0.004845474839195082,0.0031794071197509765,0.006358814239501953,100,3,1,linear,"{'C': 100, 'degree': 3, 'gamma': 1, 'kernel': 'linear'}",,,,,,,,1.0,1.0,1.0,1.0
0.02562742233276367,0.004993821533594292,0.006539773941040039,0.008010535889662131,100,2,scale,poly,"{'C': 100, 'degree': 2, 'gamma': 'scale', 'kernel': 'poly'}",,,,,,,,1.0,1.0,1.0,1.0
0.03149561882019043,0.0022590408922705213,0.0032464027404785155,0.006492805480957031,10,2,scale,poly,"{'C': 10, 'degree': 2, 'gamma': 'scale', 'kernel': 'poly'}",,,,,,,,0.9973333333333333,0.997289972899729,0.9973333333333333,0.9973323504652696
0.03175907135009766,0.0007911053726149721,0.006458663940429687,0.007694373673748542,1,4,0.001,linear,"{'C': 1, 'degree': 4, 'gamma': 0.001, 'kernel': 'linear'}",,,,,,,,0.9653333333333334,0.9620318969854194,0.9653333333333334,0.9653416371474861
0.038171815872192386,0.007932857284094288,0.006201696395874023,0.007612844882237315,1,4,0.001,rbf,"{'C': 1, 'degree': 4, 'gamma': 0.001, 'kernel': 'rbf'}",,,,,,,,0.3973333333333333,0.3333333333333333,0.3973333333333333,0.22596437659033078
0.06672506332397461,0.008228970808798568,0.014521121978759766,0.0038995797606681806,0.5,3,0.01,poly,"{'C': 0.5, 'degree': 3, 'gamma': 0.01, 'kernel': 'poly'}",,,,,,,,0.3973333333333333,0.3333333333333333,0.3973333333333333,0.22596437659033078
0.07351145744323731,0.006824875937693592,0.01733880043029785,0.002390831422939804,0.5,3,0.01,rbf,"{'C': 0.5, 'degree': 3, 'gamma': 0.01, 'kernel': 'rbf'}",,,,,,,,0.3973333333333333,0.3333333333333333,0.3973333333333333,0.22596437659033078
0.06508655548095703,0.003434735057914983,0.012107133865356445,0.007219164278589943,0.5,3,0.01,linear,"{'C': 0.5, 'degree': 3, 'gamma': 0.01, 'kernel': 'linear'}",,,,,,,,0.8133333333333334,0.7828813943316341,0.8133333333333334,0.8023857698353604
0.06537456512451172,0.010036866921812566,0.011288070678710937,0.0063998380433264975,0.5,3,0.001,poly,"{'C': 0.5, 'degree': 3, 'gamma': 0.001, 'kernel': 'poly'}",,,,,,,,0.3973333333333333,0.3333333333333333,0.3973333333333333,0.22596437659033078
0.06969070434570312,0.006187057297770282,0.017472505569458008,0.002805748376996564,0.5,3,0.001,rbf,"{'C': 0.5, 'degree': 3, 'gamma': 0.001, 'kernel': 'rbf'}",,,,,,,,0.3973333333333333,0.3333333333333333,0.3973333333333333,0.22596437659033078
0.07350983619689941,0.005744426018227964,0.007525205612182617,0.007445177163541107,0.5,3,0.001,linear,"{'C': 0.5, 'degree': 3, 'gamma': 0.001, 'kernel': 'linear'}",,,,,,,,0.8133333333333334,0.7828813943316341,0.8133333333333334,0.8023857698353604
0.07884283065795898,0.0018111279536601375,0.013197946548461913,0.003655200408288433,0.5,4,scale,poly,"{'C': 0.5, 'degree': 4, 'gamma': 'scale', 'kernel': 'poly'}",,,,,,,,0.4666666666666667,0.4064251322124872,0.4666666666666667,0.3588604789528484
0.07630109786987305,0.00494114344360364,0.015928125381469725,0.0001923435795286431,0.5,4,scale,rbf,"{'C': 0.5, 'degree': 4, 'gamma': 'scale', 'kernel': 'rbf'}",,,,,,,,0.5786666666666667,0.5249822401136632,0.5786666666666667,0.525528605665983
0.07178211212158203,0.008203930700810264,0.006969070434570313,0.006848159357690124,0.5,3,0.1,linear,"{'C': 0.5, 'degree': 3, 'gamma': 0.1, 'kernel': 'linear'}",,,,,,,,0.8133333333333334,0.7828813943316341,0.8133333333333334,0.8023857698353604
0.06749100685119629,0.00820482689307041,0.012469863891601563,0.0077152882244522335,0.5,4,scale,linear,"{'C': 0.5, 'degree': 4, 'gamma': 'scale', 'kernel': 'linear'}",,,,,,,,0.8133333333333334,0.7828813943316341,0.8133333333333334,0.8023857698353604
0.0730586051940918,0.008370100258099965,0.01586880683898926,0.00021556165139412169,0.5,4,1,rbf,"{'C': 0.5, 'degree': 4, 'gamma': 1, 'kernel': 'rbf'}",,,,,,,,0.5786666666666667,0.5249822401136632,0.5786666666666667,0.525528605665983
0.06371507644653321,0.005253925423057851,0.01707139015197754,0.001006615501773674,0.5,4,1,linear,"{'C': 0.5, 'degree': 4, 'gamma': 1, 'kernel': 'linear'}",,,,,,,,0.8133333333333334,0.7828813943316341,0.8133333333333334,0.8023857698353604
0.06878662109375,0.0054918657012703685,0.013466596603393555,0.0069502746292157665,0.5,4,0.1,poly,"{'C': 0.5, 'degree': 4, 'gamma': 0.1, 'kernel': 'poly'}",,,,,,,,0.3973333333333333,0.3333333333333333,0.3973333333333333,0.22596437659033078
0.07239794731140137,0.007984432140628717,0.01630425453186035,0.00046162843925254076,0.5,4,0.1,rbf,"{'C': 0.5, 'degree': 4, 'gamma': 0.1, 'kernel': 'rbf'}",,,,,,,,0.3973333333333333,0.3333333333333333,0.3973333333333333,0.22596437659033078
0.06666746139526367,0.009079866604630636,0.01358342170715332,0.003136314938732955,0.5,4,0.1,linear,"{'C': 0.5, 'degree': 4, 'gamma': 0.1, 'kernel': 'linear'}",,,,,,,,0.8133333333333334,0.7828813943316341,0.8133333333333334,0.8023857698353604
0.06353869438171386,0.0037542676128363667,0.01657695770263672,0.0020388974958935086,0.5,4,0.01,poly,"{'C': 0.5, 'degree': 4, 'gamma': 0.01, 'kernel': 'poly'}",,,,,,,,0.3973333333333333,0.3333333333333333,0.3973333333333333,0.22596437659033078
0.07170629501342773,0.008889741481193186,0.01729474067687988,0.0020388183233006644,0.5,4,0.01,rbf,"{'C': 0.5, 'degree': 4, 'gamma': 0.01, 'kernel': 'rbf'}",,,,,,,,0.3973333333333333,0.3333333333333333,0.3973333333333333,0.22596437659033078
0.0669835090637207,0.006163550216907249,0.013129138946533203,0.006577591742850374,0.5,4,0.01,linear,"{'C': 0.5, 'degree': 4, 'gamma': 0.01, 'kernel': 'linear'}",,,,,,,,0.8133333333333334,0.7828813943316341,0.8133333333333334,0.8023857698353604
0.07931675910949706,0.010343529844357824,0.012803363800048827,0.006495220829084635,0.5,4,1,poly,"{'C': 0.5, 'degree': 4, 'gamma': 1, 'kernel': 'poly'}",,,,,,,,0.45066666666666666,0.3896387507564396,0.45066666666666666,0.33097783384329477
0.078926420211792,0.011385383265712822,0.017762279510498045,0.005057804015142833,0.5,3,0.1,rbf,"{'C': 0.5, 'degree': 3, 'gamma': 0.1, 'kernel': 'rbf'}",,,,,,,,0.3973333333333333,0.3333333333333333,0.3973333333333333,0.22596437659033078
0.06811132431030273,0.002765301881575882,0.00927433967590332,0.007614859216825907,0.5,3,0.1,poly,"{'C': 0.5, 'degree': 3, 'gamma': 0.1, 'kernel': 'poly'}",,,,,,,,0.3973333333333333,0.3333333333333333,0.3973333333333333,0.22596437659033078
0.0661816120147705,0.0041675764400925484,0.014528226852416993,0.003171663736244128,0.5,3,1,linear,"{'C': 0.5, 'degree': 3, 'gamma': 1, 'kernel': 'linear'}",,,,,,,,0.8133333333333334,0.7828813943316341,0.8133333333333334,0.8023857698353604
0.0766690731048584,0.008154950878695322,0.018302106857299806,0.007427644243651702,0.5,2,scale,rbf,"{'C': 0.5, 'degree': 2, 'gamma': 'scale', 'kernel': 'rbf'}",,,,,,,,0.5786666666666667,0.5249822401136632,0.5786666666666667,0.525528605665983
0.07164349555969238,0.008859688335486527,0.010113048553466796,0.005845349635084548,0.5,2,scale,linear,"{'C': 0.5, 'degree': 2, 'gamma': 'scale', 'kernel': 'linear'}",,,,,,,,0.8133333333333334,0.7828813943316341,0.8133333333333334,0.8023857698353604
0.07626628875732422,0.003970374646120239,0.017050886154174806,0.0024758413509108007,0.5,2,1,poly,"{'C': 0.5, 'degree': 2, 'gamma': 1, 'kernel': 'poly'}",,,,,,,,0.6186666666666667,0.567211303180993,0.6186666666666667,0.5753944066515495
0.0718493938446045,0.005807772874689134,0.012966108322143555,0.006245769945674916,0.5,2,1,rbf,"{'C': 0.5, 'degree': 2, 'gamma': 1, 'kernel': 'rbf'}",,,,,,,,0.5786666666666667,0.5249822401136632,0.5786666666666667,0.525528605665983
0.07026467323303223,0.006623354670932082,0.012183332443237304,0.007853999334725734,0.5,2,1,linear,"{'C': 0.5, 'degree': 2, 'gamma': 1, 'kernel': 'linear'}",,,,,,,,0.8133333333333334,0.7828813943316341,0.8133333333333334,0.8023857698353604
0.0758026123046875,0.008459398316760972,0.012767744064331055,0.0063585999924289744,0.5,2,0.1,poly,"{'C': 0.5, 'degree': 2, 'gamma': 0.1, 'kernel': 'poly'}",,,,,,,,0.3973333333333333,0.3333333333333333,0.3973333333333333,0.22596437659033078
0.07528896331787109,0.010081692529886442,0.016411781311035156,0.0004409560740838644,0.5,2,0.1,rbf,"{'C': 0.5, 'degree': 2, 'gamma': 0.1, 'kernel': 'rbf'}",,,,,,,,0.3973333333333333,0.3333333333333333,0.3973333333333333,0.22596437659033078
0.0707550048828125,0.007409399700952247,0.0067576408386230465,0.00828668468316962,0.5,2,0.1,linear,"{'C': 0.5, 'degree': 2, 'gamma': 0.1, 'kernel': 'linear'}",,,,,,,,0.8133333333333334,0.7828813943316341,0.8133333333333334,0.8023857698353604
0.06442279815673828,0.006159080235236234,0.01596965789794922,0.0005202149730974899,0.5,2,0.01,poly,"{'C': 0.5, 'degree': 2, 'gamma': 0.01, 'kernel': 'poly'}",,,,,,,,0.3973333333333333,0.3333333333333333,0.3973333333333333,0.22596437659033078
0.07427468299865722,0.008561273665642024,0.018581676483154296,0.004918406626000338,0.5,2,0.01,rbf,"{'C': 0.5, 'degree': 2, 'gamma': 0.01, 'kernel': 'rbf'}",,,,,,,,0.3973333333333333,0.3333333333333333,0.3973333333333333,0.22596437659033078
0.06297359466552735,0.00846889327037378,0.014653635025024415,0.0031552091054078677,0.5,2,0.01,linear,"{'C': 0.5, 'degree': 2, 'gamma': 0.01, 'kernel': 'linear'}",,,,,,,,0.8133333333333334,0.7828813943316341,0.8133333333333334,0.8023857698353604
0.06688342094421387,0.00666468476160073,0.014936590194702148,0.0017930928068799574,0.5,2,0.001,poly,"{'C': 0.5, 'degree': 2, 'gamma': 0.001, 'kernel': 'poly'}",,,,,,,,0.3973333333333333,0.3333333333333333,0.3973333333333333,0.22596437659033078
0.0696378231048584,0.005875209681813149,0.016287994384765626,0.00031295071536505673,0.5,2,0.001,rbf,"{'C': 0.5, 'degree': 2, 'gamma': 0.001, 'kernel': 'rbf'}",,,,,,,,0.3973333333333333,0.3333333333333333,0.3973333333333333,0.22596437659033078
0.06779236793518066,0.009615179407400577,0.012801122665405274,0.006087368309718836,0.5,2,0.001,linear,"{'C': 0.5, 'degree': 2, 'gamma': 0.001, 'kernel': 'linear'}",,,,,,,,0.8133333333333334,0.7828813943316341,0.8133333333333334,0.8023857698353604
0.07463421821594238,0.0028531524588539746,0.015737533569335938,0.0007220803041848401,0.5,3,scale,poly,"{'C': 0.5, 'degree': 3, 'gamma': 'scale', 'kernel': 'poly'}",,,,,,,,0.5146666666666667,0.45678427658062987,0.5146666666666667,0.43479767125616187
0.07712001800537109,0.007178716059659829,0.019215106964111328,0.006151026379571032,0.5,3,scale,rbf,"{'C': 0.5, 'degree': 3, 'gamma': 'scale', 'kernel': 'rbf'}",,,,,,,,0.5786666666666667,0.5249822401136632,0.5786666666666667,0.525528605665983
0.07077965736389161,0.008380169188802565,0.011059379577636719,0.009402882773947845,0.5,3,scale,linear,"{'C': 0.5, 'degree': 3, 'gamma': 'scale', 'kernel': 'linear'}",,,,,,,,0.8133333333333334,0.7828813943316341,0.8133333333333334,0.8023857698353604
0.07539772987365723,0.009950242156695165,0.013106203079223633,0.006706667815166075,0.5,3,1,poly,"{'C': 0.5, 'degree': 3, 'gamma': 1, 'kernel': 'poly'}",,,,,,,,0.49866666666666665,0.4405241139790039,0.49866666666666665,0.4118514156858384
0.07636752128601074,0.004496899343766245,0.01518096923828125,0.001793036865848218,0.5,3,1,rbf,"{'C': 0.5, 'degree': 3, 'gamma': 1, 'kernel': 'rbf'}",,,,,,,,0.5786666666666667,0.5249822401136632,0.5786666666666667,0.525528605665983
0.06601848602294921,0.0020663038806206526,0.01626615524291992,0.0001841275305519476,0.5,4,0.001,poly,"{'C': 0.5, 'degree': 4, 'gamma': 0.001, 'kernel': 'poly'}",,,,,,,,0.3973333333333333,0.3333333333333333,0.3973333333333333,0.22596437659033078
0.07257771492004395,0.006623209138748992,0.016423511505126952,0.0019679737299262033,0.5,4,0.001,rbf,"{'C': 0.5, 'degree': 4, 'gamma': 0.001, 'kernel': 'rbf'}",,,,,,,,0.3973333333333333,0.3333333333333333,0.3973333333333333,0.22596437659033078
0.06598529815673829,0.0024661512472959773,0.012709093093872071,0.0065540262809900395,0.5,4,0.001,linear,"{'C': 0.5, 'degree': 4, 'gamma': 0.001, 'kernel': 'linear'}",,,,,,,,0.8133333333333334,0.7828813943316341,0.8133333333333334,0.8023857698353604
0.0666071891784668,0.0044168372807285895,0.013532018661499024,0.0033229522917984505,1,2,scale,poly,"{'C': 1, 'degree': 2, 'gamma': 'scale', 'kernel': 'poly'}",,,,,,,,0.9973333333333333,0.997289972899729,0.9973333333333333,0.9973323504652696
0.06360316276550293,0.007944472421587943,0.015019369125366212,0.002815782578676157,1,3,0.01,poly,"{'C': 1, 'degree': 3, 'gamma': 0.01, 'kernel': 'poly'}",,,,,,,,0.3973333333333333,0.3333333333333333,0.3973333333333333,0.22596437659033078
0.07806978225708008,0.003894822714224788,0.018149614334106445,0.00515649196326935,1,3,0.01,rbf,"{'C': 1, 'degree': 3, 'gamma': 0.01, 'kernel': 'rbf'}",,,,,,,,0.3973333333333333,0.3333333333333333,0.3973333333333333,0.22596437659033078
0.06893854141235352,0.004642032181911342,0.012289762496948242,0.007213285481617095,1,3,0.01,linear,"{'C': 1, 'degree': 3, 'gamma': 0.01, 'kernel': 'linear'}",,,,,,,,0.9653333333333334,0.9620318969854194,0.9653333333333334,0.9653416371474861
0.06684913635253906,0.00899747913473936,0.011612462997436523,0.006870184222500987,1,3,0.001,poly,"{'C': 1, 'degree': 3, 'gamma': 0.001, 'kernel': 'poly'}",,,,,,,,0.3973333333333333,0.3333333333333333,0.3973333333333333,0.22596437659033078
0.07621269226074219,0.003386109386807811,0.01455373764038086,0.007799021508953852,1,3,0.001,rbf,"{'C': 1, 'degree': 3, 'gamma': 0.001, 'kernel': 'rbf'}",,,,,,,,0.3973333333333333,0.3333333333333333,0.3973333333333333,0.22596437659033078
0.06797537803649903,0.0035128569903934773,0.012364435195922851,0.003508916676408143,1,3,0.001,linear,"{'C': 1, 'degree': 3, 'gamma': 0.001, 'kernel': 'linear'}",,,,,,,,0.9653333333333334,0.9620318969854194,0.9653333333333334,0.9653416371474861
0.0746119499206543,0.008994326138215695,0.010973119735717773,0.005154591194652543,1,4,scale,poly,"{'C': 1, 'degree': 4, 'gamma': 'scale', 'kernel': 'poly'}",,,,,,,,0.9973333333333333,0.997289972899729,0.9973333333333333,0.9973323504652696
0.07382278442382813,0.010362603378255533,0.013712263107299805,0.003309394360557062,1,4,scale,rbf,"{'C': 1, 'degree': 4, 'gamma': 'scale', 'kernel': 'rbf'}",,,,,,,,0.9973333333333333,0.9967637540453075,0.9973333333333333,0.9973312885770999
0.06431455612182617,0.0031206014868568805,0.01141343116760254,0.0030217197939508473,1,4,scale,linear,"{'C': 1, 'degree': 4, 'gamma': 'scale', 'kernel': 'linear'}",,,,,,,,0.9653333333333334,0.9620318969854194,0.9653333333333334,0.9653416371474861
0.07187247276306152,0.004700624712881498,0.014334392547607423,0.0012703163521640421,1,4,1,poly,"{'C': 1, 'degree': 4, 'gamma': 1, 'kernel': 'poly'}",,,,,,,,0.9973333333333333,0.997289972899729,0.9973333333333333,0.9973323504652696
0.06674737930297851,0.00256626788140014,0.016677999496459962,0.0027149081054026764,1,4,1,rbf,"{'C': 1, 'degree': 4, 'gamma': 1, 'kernel': 'rbf'}",,,,,,,,0.9973333333333333,0.9967637540453075,0.9973333333333333,0.9973312885770999
0.05284929275512695,0.01569573505912839,0.007302713394165039,0.006032656379128613,1,4,1,linear,"{'C': 1, 'degree': 4, 'gamma': 1, 'kernel': 'linear'}",,,,,,,,0.9653333333333334,0.9620318969854194,0.9653333333333334,0.9653416371474861
0.030890703201293945,0.0028636914960894788,0.006721782684326172,0.008390975428205135,1,4,0.1,poly,"{'C': 1, 'degree': 4, 'gamma': 0.1, 'kernel': 'poly'}",,,,,,,,0.3973333333333333,0.3333333333333333,0.3973333333333333,0.22596437659033078
0.036610984802246095,0.00621157028354586,0.008561658859252929,0.008014804226551292,1,4,0.1,rbf,"{'C': 1, 'degree': 4, 'gamma': 0.1, 'kernel': 'rbf'}",,,,,,,,0.42933333333333334,0.3658536585365854,0.42933333333333334,0.2895715277777778
0.032705497741699216,0.009659169696494116,0.006740045547485351,0.006506577931728669,1,4,0.1,linear,"{'C': 1, 'degree': 4, 'gamma': 0.1, 'kernel': 'linear'}",,,,,,,,0.9653333333333334,0.9620318969854194,0.9653333333333334,0.9653416371474861
0.030838489532470703,0.007538628638169014,0.007904815673828124,0.00743662625329718,1,4,0.01,poly,"{'C': 1, 'degree': 4, 'gamma': 0.01, 'kernel': 'poly'}",,,,,,,,0.3973333333333333,0.3333333333333333,0.3973333333333333,0.22596437659033078
0.035785675048828125,0.00546789119827243,0.009111833572387696,0.007464915507307992,1,4,0.01,rbf,"{'C': 1, 'degree': 4, 'gamma': 0.01, 'kernel': 'rbf'}",,,,,,,,0.3973333333333333,0.3333333333333333,0.3973333333333333,0.22596437659033078
0.027423381805419922,0.008030499023304763,0.009490013122558594,0.007183276163884987,1,4,0.01,linear,"{'C': 1, 'degree': 4, 'gamma': 0.01, 'kernel': 'linear'}",,,,,,,,0.9653333333333334,0.9620318969854194,0.9653333333333334,0.9653416371474861
0.042539548873901364,0.014379920648022765,0.008098268508911132,0.006865481956058029,1,4,0.001,poly,"{'C': 1, 'degree': 4, 'gamma': 0.001, 'kernel': 'poly'}",,,,,,,,0.3973333333333333,0.3333333333333333,0.3973333333333333,0.22596437659033078
0.05422286987304688,0.01961891670518191,0.011597251892089844,0.005862039080154364,1,3,0.1,linear,"{'C': 1, 'degree': 3, 'gamma': 0.1, 'kernel': 'linear'}",,,,,,,,0.9653333333333334,0.9620318969854194,0.9653333333333334,0.9653416371474861
0.036424684524536136,0.003335904190021809,0.005521535873413086,0.0028435936554349053,100,4,0.001,rbf,"{'C': 100, 'degree': 4, 'gamma': 0.001, 'kernel': 'rbf'}",,,,,,,,0.44,0.3777462046465125,0.44,0.31058135324325337
0.03347959518432617,0.004160946601881912,0.006833267211914062,0.0072555574511496655,1,3,0.1,rbf,"{'C': 1, 'degree': 3, 'gamma': 0.1, 'kernel': 'rbf'}",,,,,,,,0.42933333333333334,0.3658536585365854,0.42933333333333334,0.2895715277777778
0.03090195655822754,0.004065504347571196,0.006341886520385742,0.005871688039972902,1,3,1,linear,"{'C': 1, 'degree': 3, 'gamma': 1, 'kernel': 'linear'}",,,,,,,,0.9653333333333334,0.9620318969854194,0.9653333333333334,0.9653416371474861
0.07166318893432617,0.005606541618744553,0.013994407653808594,0.00222614984227543,1,2,scale,rbf,"{'C': 1, 'degree': 2, 'gamma': 'scale', 'kernel': 'rbf'}",,,,,,,,0.9973333333333333,0.9967637540453075,0.9973333333333333,0.9973312885770999
0.0640322208404541,0.0035579208460808035,0.013872623443603516,0.0032475300150936154,1,2,scale,linear,"{'C': 1, 'degree': 2, 'gamma': 'scale', 'kernel': 'linear'}",,,,,,,,0.9653333333333334,0.9620318969854194,0.9653333333333334,0.9653416371474861
0.06259398460388184,0.0007705483309922706,0.011999893188476562,0.0046908220965446125,1,2,1,poly,"{'C': 1, 'degree': 2, 'gamma': 1, 'kernel': 'poly'}",,,,,,,,0.9973333333333333,0.997289972899729,0.9973333333333333,0.9973323504652696
0.06487607955932617,0.0034634127167241274,0.01653013229370117,0.0006054897423979814,1,2,1,rbf,"{'C': 1, 'degree': 2, 'gamma': 1, 'kernel': 'rbf'}",,,,,,,,0.9973333333333333,0.9967637540453075,0.9973333333333333,0.9973312885770999
0.0659245491027832,0.0027473374932149497,0.010867643356323241,0.006055541298869385,1,2,1,linear,"{'C': 1, 'degree': 2, 'gamma': 1, 'kernel': 'linear'}",,,,,,,,0.9653333333333334,0.9620318969854194,0.9653333333333334,0.9653416371474861
0.07595539093017578,0.003199721520013256,0.01598200798034668,0.004543938669582783,1,2,0.1,poly,"{'C': 1, 'degree': 2, 'gamma': 0.1, 'kernel': 'poly'}",,,,,,,,0.3973333333333333,0.3333333333333333,0.3973333333333333,0.22596437659033078
0.07255034446716309,0.007147109145991044,0.014562320709228516,0.008294215988374584,1,2,0.1,rbf,"{'C': 1, 'degree': 2, 'gamma': 0.1, 'kernel': 'rbf'}",,,,,,,,0.42933333333333334,0.3658536585365854,0.42933333333333334,0.2895715277777778
0.06637449264526367,0.0051445302672650725,0.01176910400390625,0.005999548804319005,1,2,0.1,linear,"{'C': 1, 'degree': 2, 'gamma': 0.1, 'kernel': 'linear'}",,,,,,,,0.9653333333333334,0.9620318969854194,0.9653333333333334,0.9653416371474861
0.0674856185913086,0.004936248136268581,0.011467599868774414,0.005388937837013958,1,2,0.01,poly,"{'C': 1, 'degree': 2, 'gamma': 0.01, 'kernel': 'poly'}",,,,,,,,0.3973333333333333,0.3333333333333333,0.3973333333333333,0.22596437659033078
0.07856307029724122,0.005005581459195917,0.01760854721069336,0.003060318698457923,1,2,0.01,rbf,"{'C': 1, 'degree': 2, 'gamma': 0.01, 'kernel': 'rbf'}",,,,,,,,0.3973333333333333,0.3333333333333333,0.3973333333333333,0.22596437659033078
0.06649107933044433,0.005786059083898293,0.013524198532104492,0.0008469951022596113,1,2,0.01,linear,"{'C': 1, 'degree': 2, 'gamma': 0.01, 'kernel': 'linear'}",,,,,,,,0.9653333333333334,0.9620318969854194,0.9653333333333334,0.9653416371474861
0.06487984657287597,0.002822636558715556,0.01672062873840332,0.004467117926619447,1,2,0.001,poly,"{'C': 1, 'degree': 2, 'gamma': 0.001, 'kernel': 'poly'}",,,,,,,,0.3973333333333333,0.3333333333333333,0.3973333333333333,0.22596437659033078
0.07786598205566406,0.0103130506829674,0.019463348388671874,0.002386275641043186,1,2,0.001,rbf,"{'C': 1, 'degree': 2, 'gamma': 0.001, 'kernel': 'rbf'}",,,,,,,,0.3973333333333333,0.3333333333333333,0.3973333333333333,0.22596437659033078
0.060701179504394534,0.013552624507139736,0.013760185241699219,0.0038518643744301583,1,2,0.001,linear,"{'C': 1, 'degree': 2, 'gamma': 0.001, 'kernel': 'linear'}",,,,,,,,0.9653333333333334,0.9620318969854194,0.9653333333333334,0.9653416371474861
0.05058631896972656,0.007035126522026493,0.010252904891967774,0.004241898863095073,1,3,scale,poly,"{'C': 1, 'degree': 3, 'gamma': 'scale', 'kernel': 'poly'}",,,,,,,,0.9973333333333333,0.997289972899729,0.9973333333333333,0.9973323504652696
0.05238194465637207,0.016005369206297956,0.015193700790405273,0.009216092269031162,1,3,scale,rbf,"{'C': 1, 'degree': 3, 'gamma': 'scale', 'kernel': 'rbf'}",,,,,,,,0.9973333333333333,0.9967637540453075,0.9973333333333333,0.9973312885770999
0.03742141723632812,0.007400653608875631,0.004728841781616211,0.006270661563630955,1,3,scale,linear,"{'C': 1, 'degree': 3, 'gamma': 'scale', 'kernel': 'linear'}",,,,,,,,0.9653333333333334,0.9620318969854194,0.9653333333333334,0.9653416371474861
0.03264031410217285,0.0027655136450190753,0.007863044738769531,0.006992219591494263,1,3,1,poly,"{'C': 1, 'degree': 3, 'gamma': 1, 'kernel': 'poly'}",,,,,,,,0.9973333333333333,0.997289972899729,0.9973333333333333,0.9973323504652696
0.03452358245849609,0.006211097654696037,0.0,0.0,1,3,1,rbf,"{'C': 1, 'degree': 3, 'gamma': 1, 'kernel': 'rbf'}",,,,,,,,0.9973333333333333,0.9967637540453075,0.9973333333333333,0.9973312885770999
0.029796791076660157,0.0050455294799453135,0.009490776062011718,0.005934269157857355,1,3,0.1,poly,"{'C': 1, 'degree': 3, 'gamma': 0.1, 'kernel': 'poly'}",,,,,,,,0.3973333333333333,0.3333333333333333,0.3973333333333333,0.22596437659033078
0.02968568801879883,0.0037388085837775204,0.0033616065979003907,0.004980799336172406,100,4,0.001,linear,"{'C': 100, 'degree': 4, 'gamma': 0.001, 'kernel': 'linear'}",,,,,,,,1.0,1.0,1.0,1.0
